User_ID,Gender,Age,Height,Weight,Duration,Heart_Rate,Body_Temp,Calories
10001159,female,67,176,74,12,103,39.6,76
10001607,female,34,178,79,19,96,40.6,93
10005485,female,38,178,77,14,82,40.5,49
10005630,female,39,169,66,8,90,39.6,36
10006441,male,23,169,73,25,102,40.7,122
10006606,male,50,183,89,23,96,40.4,130
10007368,female,21,185,80,12,103,39.9,65
10007686,female,47,145,47,7,84,39.6,30
10008086,male,56,165,74,25,93,40.8,129
10008486,female,53,157,65,10,97,39.9,55
10008599,male,24,180,81,27,94,40.6,106
10011152,female,22,145,43,9,77,39.9,28
10011812,female,62,,50,10,93,39.9,55
10011832,male,62,196,97,30,112,40.8,264
10011980,male,33,197,101,1,80,38.2,3
10012654,female,40,157,57,23,104,40.7,142
10012801,female,25,170,62,19,96,40.5,95
10013063,female,71,153,56,11,94,40,62
10013882,male,52,160,68,5,79,39,14
10014515,female,38,164,,8,90,39.8,36
10014651,female,43,156,54,24,108,40.9,160
10015652,male,34,156,65,16,96,40.1,70
10016768,female,67,161,57,18,94,40.3,100
10018110,male,26,174,79,1,74,37.7,1
10018244,male,21,191,95,18,89,40.6,60
10018305,male,29,167,71,2,,37.9,3
10018455,female,20,158,54,25,108,40.7,157
10018548,female,33,163,59,14,95,40.3,71
10020017,male,20,192,95,15,95,40.1,63
10020368,female,22,151,50,7,98,39.5,37
10020479,female,35,173,71,29,114,41,202
10021419,female,63,159,62,29,104,40.4,189
10022050,male,57,195,93,24,106,40.7,182
10022370,male,38,197,94,3,83,38.5,10
10023167,male,39,188,91,24,104,40.8,153
10023275,female,35,168,61,12,99,39.5,66
10023509,male,61,167,74,10,86,40.1,43
10024532,male,34,171,68,14,87,40.5,43
10026750,female,48,171,70,13,95,40.4,67
10027237,male,30,181,79,10,95,40.1,43
10027476,male,70,167,76,19,97,40.6,123
10028049,male,40,180,78,14,89,,54
10028780,female,20,170,67,,93,40.3,76
10029283,female,49,164,59,27,104,40.8,170
10029318,female,57,176,74,12,94,40.1,62
10029380,female,64,176,77,27,112,40.8,194
10029469,female,28,163,66,21,99,40.8,111
10030155,female,49,185,79,27,102,41.2,157
10030257,male,21,182,82,3,92,38.6,10
10030610,male,62,196,93,26,106,40.8,203
10030937,male,41,176,74,25,105,41,156
10031845,female,51,167,62,3,87,38.7,13
10034058,male,79,172,75,11,89,40.1,62
10034236,female,27,149,55,25,98,40.6,133
10038035,male,26,185,86,3,83,38.8,7
10038255,female,69,191,88,6,82,38.8,23
10038366,male,43,170,78,23,104,40.5,144
10039189,female,53,166,54,17,101,40.2,104
10039572,female,26,177,75,,89,40,49
10041182,female,47,173,67,2,86,38.1,8
10041318,male,57,195,98,4,89,38.8,20
10041638,male,26,184,85,17,96,40.4,75
10042786,female,53,166,68,29,105,40.8,184
10042815,female,28,155,55,11,84,39.9,42
10043979,female,71,,56,15,98,40.2,91
10044030,male,76,187,92,22,104,40.6,180
10044198,male,69,185,85,30,113,40.7,271
10044742,female,35,163,61,27,113,40.7,189
10044774,male,32,189,89,19,104,40,114
10045428,female,75,166,68,12,90,40.1,62
10045701,male,52,195,101,7,95,39.7,41
10046234,male,71,205,,20,95,40.7,141
10046288,male,53,161,66,8,87,39.5,31
10047325,male,21,206,114,17,103,40.3,99
10047498,male,34,197,92,14,103,40.3,84
10048196,male,48,181,91,28,104,40.9,190
10048606,female,49,167,68,29,107,40.9,188
10049887,female,54,162,64,15,90,40.2,72
10050978,male,51,181,87,9,91,39.6,44
10052269,male,28,195,100,22,107,41,142
10052574,female,52,157,56,26,110,40.8,183
10053023,male,37,185,,18,105,40.7,111
10054414,female,35,156,57,3,84,38.3,12
10054672,male,30,180,84,16,98,40.1,78
10055434,male,28,202,99,15,88,39.9,54
10056790,male,54,181,90,12,94,40,67
10057403,female,61,162,66,10,84,39.8,43
10058690,male,61,197,104,28,108,41.1,232
10059915,female,75,153,62,11,87,40,54
10060589,male,54,187,88,8,92,39.3,42
10060820,male,45,175,76,15,84,40.5,50
10061627,male,51,173,77,4,78,,11
10062219,female,39,187,87,13,101,40.2,70
10065149,male,36,182,82,8,90,39.5,31
10065742,female,30,176,73,9,80,39.6,29
10065831,male,36,174,78,13,92,40.1,54
10067056,male,26,177,80,13,,39.9,54
10067456,female,39,169,62,29,113,41,204
10067637,female,51,170,71,16,100,40.3,92
10067859,male,53,196,97,27,108,40.9,210
10068396,female,34,173,69,22,104,40.7,130
10068443,female,43,166,62,8,86,39.4,34
10069305,female,44,159,59,10,90,39.7,47
10069648,male,37,196,91,28,110,41,201
10072090,male,39,194,99,17,95,40.2,88
10072185,female,24,167,62,17,88,40.3,70
10072374,male,68,190,95,15,94,40.2,95
10072548,male,65,178,84,17,99,40.3,114
10072811,male,24,175,78,4,81,39.1,8
10072976,male,27,172,71,29,109,40.6,177
10073254,female,41,159,60,18,97,40.8,97
10074404,male,72,172,82,19,107,40.5,156
10076869,male,28,192,92,14,93,40.3,59
10077039,female,34,156,,17,93,40.3,83
10077557,female,37,164,60,17,102,40.2,100
10078779,male,38,182,88,9,94,39.7,43
10078782,female,36,153,57,28,113,41,198
10078938,female,26,158,58,7,85,39.8,27
10079137,male,21,199,95,13,90,39.9,45
10079483,male,46,183,81,8,86,39.5,30
10079907,male,32,193,96,18,101,40.3,102
10080947,female,53,172,70,25,102,40.6,150
10081258,male,63,184,91,18,98,40.6,119
10082523,male,74,205,112,6,83,39,32
10082589,male,57,177,79,29,117,40.7,259
10082743,female,54,159,63,8,84,39.7,34
10083227,female,66,162,66,24,99,40.7,143
10083493,female,73,154,57,10,90,39.9,53
10083928,male,63,178,76,6,87,39.1,28
10084261,male,62,176,84,11,95,40.1,66
10085980,female,43,158,60,17,99,40.4,96
10088727,female,21,181,68,6,86,39.2,23
10088974,female,44,154,62,18,96,40.4,96
10089643,female,34,169,67,8,76,39.5,23
10091123,male,61,183,87,29,108,40.6,230
10091465,male,26,177,78,23,104,40.3,125
10092048,male,34,183,84,16,90,40,62
10093132,female,21,171,68,19,97,40.1,94
10094392,male,45,179,78,24,114,40.6,189
10096522,female,56,165,70,18,98,40.4,101
10097220,male,40,167,66,6,87,39.1,20
10097954,female,69,172,69,11,95,39.7,61
10098080,male,25,175,78,28,108,40.9,168
10099232,male,21,186,88,24,102,40.7,123
10099348,male,60,187,88,29,108,40.8,229
10100047,female,25,159,59,21,96,40.9,105
10100197,female,36,176,74,23,108,40.8,145
10100218,female,57,170,72,26,103,40.3,160
10100604,female,66,145,49,18,104,40.2,121
10101371,female,21,171,68,9,81,39.7,29
10101706,female,70,189,86,28,101,40.6,167
10102192,male,22,180,79,,95,40.6,82
10104386,female,52,179,76,9,90,39.8,42
10106140,female,50,162,59,14,99,40.3,81
10106359,female,71,146,51,17,99,40.1,106
10106650,female,51,160,63,2,82,38.3,8
10106805,female,22,159,58,9,87,39.4,36
10107692,female,27,160,64,14,98,39.8,73
10108209,female,61,147,56,18,98,40.2,106
10108884,female,62,145,50,3,82,38.6,13
10109177,female,63,160,61,10,89,40.1,49
10109322,male,39,198,105,23,102,40.7,146
10110611,female,31,153,54,4,86,39.1,16
10111843,female,,173,74,10,97,39.8,53
10114498,male,58,189,96,27,107,40.8,212
10114943,female,41,154,58,6,91,39.2,29
10115284,male,44,196,95,3,83,38.8,11
10116277,male,48,177,86,27,114,41,221
10117681,male,79,176,82,30,109,40.8,265
10117815,male,30,186,86,27,108,41.1,173
10118920,male,48,159,60,21,98,40.6,110
10119080,female,64,156,51,5,82,39.1,22
10119545,female,33,158,61,21,107,40.8,132
10120578,female,23,170,66,12,86,40.3,46
10121024,male,56,184,85,26,107,40.9,195
10121211,female,52,165,65,23,106,40.6,149
10121663,female,48,146,46,7,88,39.5,33
10121927,male,23,180,85,2,85,37.8,5
10122039,female,22,153,57,1,81,38,3
10123661,male,28,187,85,23,92,40.2,89
10125029,male,73,188,93,29,111,40.9,264
10126210,female,78,187,84,4,84,39,17
10126377,male,23,180,82,17,98,40.2,76
10126521,male,59,182,86,3,81,38.6,11
10126548,male,79,175,83,14,93,40.2,90
10128705,female,27,175,71,22,99,40.8,115
10129283,female,63,161,61,11,91,40.4,56
10129534,male,23,177,85,22,113,40.7,150
10129910,male,42,179,81,8,82,39.7,24
10130636,female,38,161,64,24,101,40.3,137
10131251,female,51,163,59,24,107,40.4,160
10131926,male,21,187,84,27,97,40.8,116
10131998,female,56,162,63,20,110,40.7,140
10132457,female,74,167,71,20,100,40.6,123
10132785,male,35,178,80,11,90,39.8,42
10133224,female,64,165,69,29,108,40.8,199
10133801,female,67,165,,24,103,40.4,154
10134177,female,63,165,65,26,105,40.6,171
10134201,male,48,186,85,17,88,40.6,72
10134350,male,63,182,86,14,96,40.1,87
10134511,male,42,194,100,13,98,40.1,75
10135130,male,42,186,89,13,89,40.2,55
10135700,female,65,157,54,23,97,40.4,136
10136038,female,66,179,75,30,113,,220
10136790,male,20,194,92,10,92,39.7,37
10137583,male,26,187,82,29,107,40.2,174
10137587,female,44,169,62,22,103,40.5,133
10137820,female,37,160,63,18,101,40.4,103
10137959,female,49,172,71,13,91,39.9,62
10140158,male,68,173,77,12,91,39.8,66
10140238,female,52,157,56,16,93,40.2,83
10140715,female,75,161,60,24,102,40.8,157
10142566,female,33,152,51,27,105,41.1,168
10143089,male,30,184,92,3,74,38.7,4
10143692,male,33,195,94,12,81,40.3,32
10144162,male,23,197,96,4,85,38.7,11
10144717,male,55,183,84,5,80,39,17
10145022,male,42,184,86,14,92,39.9,64
10145188,male,77,166,66,25,109,40.4,210
10146087,female,21,179,73,9,90,39.6,37
10146286,female,33,163,63,27,102,40.6,155
10146798,male,20,197,93,11,97,39.8,49
10148267,male,31,178,80,13,94,39.8,55
10148373,female,46,169,70,18,94,40.3,90
10149996,female,51,166,70,22,92,40.9,108
10150474,female,22,167,59,16,99,40.2,85
10151428,female,32,162,65,16,94,40.1,78
10153174,female,32,167,69,28,103,40.8,161
10153431,male,42,196,95,18,94,40.4,91
10153480,female,33,171,70,10,92,39.8,46
10153634,male,43,176,79,26,115,41.2,207
10153799,male,38,203,107,7,98,39.4,40
10154011,male,60,182,90,11,90,40.2,58
10154968,male,64,184,89,16,102,40.3,116
10155136,male,29,177,81,5,79,39.3,9
10155474,female,49,150,49,25,111,41,180
10155559,male,20,176,80,18,101,40.4,86
10156483,male,31,196,96,11,85,40.1,35
10157076,female,64,176,74,6,97,39.1,34
10157295,female,25,160,54,13,86,40.4,52
10157722,male,52,197,99,3,80,38.6,11
10158414,female,63,,57,11,89,40.1,55
10159698,male,59,177,82,13,84,39.8,53
10160535,female,21,147,45,23,100,40.6,128
10162019,female,64,151,50,6,87,39.4,29
10162683,female,53,147,49,18,101,40.2,111
10163372,female,31,153,53,10,91,39.8,47
10164017,male,39,197,96,3,78,38.6,8
10165882,male,65,183,82,11,87,39.6,53
10166538,female,45,155,56,27,100,40.9,158
10167467,female,30,165,59,3,79,38.2,10
10168222,female,75,140,48,5,85,39.1,24
10168643,male,26,197,90,24,104,40.7,137
10168990,female,56,164,67,11,86,39.9,48
10169930,female,46,161,54,10,88,40.2,46
10170142,male,55,182,87,12,95,39.8,68
10171710,male,45,187,91,25,109,41,185
10171790,female,30,169,69,6,89,39.4,25
10172522,female,33,172,67,2,84,38.5,8
10173035,female,39,167,63,25,107,40.9,160
10174029,female,64,174,72,28,108,40.9,191
10174276,female,40,171,65,20,101,40.7,115
10174577,female,23,152,51,19,100,40.4,105
10175007,male,28,207,103,10,96,40.1,49
10176870,female,44,174,75,27,105,40.8,165
10177181,female,20,179,74,3,92,38.7,13
10177894,female,53,167,63,2,74,38.1,6
10179670,female,63,157,58,28,100,40.6,172
10180174,female,23,171,63,24,104,40.8,139
10180496,female,36,157,56,12,82,39.7,45
10181065,female,22,178,68,23,100,40.8,121
10182290,male,42,186,84,7,87,39.7,27
10182922,female,24,166,64,,84,38.4,7
10182990,male,76,203,106,8,95,39.3,57
10186076,male,69,182,87,18,93,40.7,109
10186423,male,60,178,75,6,87,39.4,27
10186484,male,22,203,97,8,90,39.4,28
10187012,male,28,194,95,24,106,40.5,149
10187691,female,62,156,63,13,86,40.4,59
10187923,female,62,166,65,1,73,37.9,3
10188164,female,47,176,77,15,87,39.8,63
10189848,male,20,179,77,23,97,40.6,94
10190166,male,27,182,79,29,103,41.1,156
10190264,male,68,185,87,10,101,39.9,72
10191695,male,21,200,98,29,111,40.7,194
10192977,female,58,192,83,18,101,40.8,105
10194818,female,60,161,64,21,100,40.3,126
10196677,male,32,173,77,16,97,40,75
10196902,male,38,170,75,14,95,40.4,65
10198306,male,62,196,97,29,108,40.6,238
10199130,female,26,135,43,17,102,40.4,100
10199291,female,73,181,76,19,106,40.4,127
10199610,female,32,166,66,14,89,39.9,60
10201123,male,36,193,95,10,97,40,52
10201619,male,23,184,81,15,102,40.3,76
10204513,female,50,173,65,16,98,40.4,89
10204638,male,59,172,80,16,102,40,109
10204765,male,26,173,77,23,103,40.2,121
10205471,male,47,166,71,9,95,39.5,45
10205621,male,26,191,98,11,101,40,60
10206507,male,62,169,68,13,88,40.1,59
10206919,female,26,164,61,12,88,40.2,50
10207164,male,69,180,86,28,112,40.9,249
10207737,male,56,192,97,20,109,40.5,161
10210251,male,49,180,81,21,103,40.4,136
10210587,female,34,178,74,10,99,39.7,53
10210809,male,39,174,76,17,83,40.5,49
10211651,male,76,193,104,16,90,40.4,101
10211730,female,46,154,54,,104,40.8,177
10211735,female,38,150,50,1,81,37.9,4
10212121,female,23,158,58,26,109,40.5,166
10212268,male,68,188,90,10,85,40.1,49
10212340,female,31,161,57,11,96,40.2,57
10212687,male,39,178,73,24,100,40.6,129
10212725,male,47,182,89,17,100,40,104
10216276,male,57,180,87,19,90,40.2,96
10216387,male,48,181,88,9,96,40,50
10216564,male,34,186,84,8,83,39.7,22
10216639,female,45,161,65,7,80,39.5,25
10217836,male,24,182,85,10,95,40,41
10218276,female,20,155,56,26,109,40.6,165
10218344,female,25,158,55,3,76,38.4,9
10219012,female,44,170,69,24,97,40.7,128
10219385,male,49,181,84,21,101,40.5,131
10221203,female,35,164,61,16,90,40.1,72
10222541,female,57,158,55,9,103,39.9,57
10222741,male,28,173,73,20,104,40.2,109
10223654,female,26,172,64,16,101,40.2,88
10224390,male,69,177,76,15,102,40.3,108
10224780,male,32,197,101,1,84,37.7,3
10225720,female,30,152,57,23,104,40.7,138
10227127,female,39,170,72,6,89,38.9,26
10227445,female,55,170,69,14,104,40.3,88
10227552,male,59,190,93,8,93,39.8,46
10228092,male,40,184,87,5,88,39.5,20
10228565,male,28,172,72,5,81,38.7,10
10229285,female,63,167,67,17,87,40.5,78
10229498,female,62,185,85,16,98,40.3,88
10229762,female,20,155,50,2,82,37.9,7
10230653,male,42,176,76,12,96,40,60
10231717,female,32,176,72,11,90,39.8,48
10232135,female,21,175,74,8,85,39.5,29
10232911,male,79,179,81,15,98,40.1,107
10233013,male,56,185,93,5,81,39,19
10234654,female,62,160,64,25,104,40.8,161
10234951,male,62,178,79,26,104,,187
10235459,male,22,183,84,1,76,37.8,1
10237219,male,37,186,93,27,113,41.2,207
10237669,male,29,186,85,22,98,40.4,107
10239327,female,27,149,50,19,98,40.4,102
10239890,male,26,188,87,8,76,39.5,11
10240334,female,27,166,59,28,108,41,177
10241519,female,21,179,72,7,82,39.4,23
10241763,female,28,169,68,3,81,38.5,10
10241958,female,35,173,73,26,101,40.8,144
10242244,male,60,181,87,28,106,41,212
10242269,female,20,171,71,25,108,40.8,151
10243918,female,35,172,65,6,92,39.3,28
10244000,male,25,158,58,11,79,39.7,13
10244375,male,22,192,91,26,113,40.7,179
10247441,male,24,176,76,10,82,39.8,20
10248646,male,78,175,79,15,105,40.1,122
10248759,female,28,157,49,7,89,39.2,31
10248976,male,38,177,84,28,106,40.9,181
10250025,female,54,163,58,16,98,40.5,92
10250208,male,21,194,86,15,92,40.2,54
10250475,female,30,176,69,18,100,40.3,97
10250780,female,38,172,65,11,93,39.6,53
10250910,male,53,199,95,13,93,40.1,71
10251049,male,21,169,69,21,107,40.9,115
10251536,male,49,185,85,18,99,40.2,107
10252034,male,44,195,97,12,91,40.2,57
10252570,male,20,168,68,16,88,40.3,41
10252634,male,32,183,86,8,84,39.7,23
10253739,female,20,177,66,8,83,39.7,28
10254229,male,41,178,81,3,81,38.4,8
10254513,female,23,160,58,26,101,40.7,144
10255842,female,70,167,64,22,97,40.4,129
10256991,male,26,189,90,10,87,39.6,31
10257114,female,79,165,65,29,106,40.8,202
10258184,female,55,153,,9,90,39.7,45
10258535,male,59,173,79,27,107,40.4,203
10259305,male,38,192,90,25,101,41,146
10259605,female,20,147,47,5,91,39.1,23
10259917,male,27,169,68,4,90,38.9,13
10260043,male,45,166,74,7,91,39.4,30
10260258,male,28,171,77,25,110,40.9,161
10261696,male,47,184,87,16,96,40.3,87
10261796,female,63,138,46,25,117,40.5,203
10263320,male,63,188,97,23,99,40.7,159
10263358,female,41,174,72,29,115,40.9,207
10263534,female,63,163,60,19,98,40.2,112
10263593,female,25,161,63,2,84,38.3,7
10264524,female,34,168,69,23,94,40.9,111
10264634,male,67,160,66,9,92,40.1,48
10265215,female,28,168,66,28,109,40.7,178
10265844,female,53,179,76,30,114,40.7,216
10266703,female,38,163,64,25,107,40.6,159
10266885,male,47,193,99,20,99,40.6,123
10268173,female,38,145,49,17,91,40.1,82
10268593,male,23,165,69,14,101,40.5,65
10268820,female,38,153,52,19,100,40.4,110
10268834,female,38,159,59,2,81,38.1,7
10270228,female,36,179,76,1,83,37.3,4
10271107,male,33,176,80,28,107,40.8,176
10271560,male,28,197,98,7,85,39.6,22
10272605,female,75,164,64,9,89,39.7,46
10272678,male,41,185,88,19,97,40.1,101
10274402,female,43,160,54,6,87,39.3,27
10274403,male,76,193,101,14,99,40.2,106
10275249,female,50,187,76,11,91,40.1,52
10277001,male,37,178,80,4,89,38.5,15
10277151,female,76,173,68,11,101,39.9,70
10277943,female,21,166,62,26,113,40.7,175
10278209,female,28,160,61,21,99,40.3,113
10279731,male,35,195,100,30,103,41,186
10279799,male,49,172,75,14,100,40,82
10280257,female,29,167,66,25,104,40.4,146
10280733,female,60,162,59,24,112,40.6,176
10280911,female,37,159,58,8,90,39.2,37
10282425,male,46,199,96,6,95,39.4,33
10283089,female,70,164,63,12,94,40.4,67
10284121,female,53,159,64,11,95,39.9,59
10285556,male,30,182,84,8,85,39.7,23
10285749,male,51,206,112,25,103,40.5,181
10286803,male,61,199,114,2,83,38.2,9
10288116,male,26,179,77,15,98,39.8,68
10288746,female,60,156,56,18,94,40.8,98
10290416,male,23,188,87,22,105,40.8,124
10290474,male,32,189,94,7,83,39.2,20
10292822,male,69,183,92,8,90,39.6,46
10293839,male,20,171,77,3,86,38.6,7
10295055,female,36,171,64,9,90,39.8,41
10295471,male,61,206,103,12,94,39.6,74
10295845,male,45,198,100,16,97,39.9,93
10295862,female,57,173,71,19,97,40.8,105
10295966,male,62,191,94,17,96,39.9,108
10298359,female,55,149,52,14,92,40.1,73
10298934,female,41,174,67,7,82,39.1,26
10299836,female,60,173,71,14,93,40.1,72
10300011,female,30,165,61,4,90,38.8,18
10300085,male,25,193,99,4,91,38.9,16
10301101,female,24,176,70,21,97,40.3,104
10301184,male,22,184,82,21,100,40.7,100
10302133,male,58,165,66,22,98,40.9,128
10302267,female,26,162,55,21,103,40.6,123
10302829,female,71,153,53,22,101,40.7,142
10304544,female,63,175,72,9,86,39.2,40
10305249,male,25,191,88,26,102,40.7,138
10307545,female,39,174,69,23,93,41.1,111
10309034,female,72,163,68,9,89,39.8,45
10309291,female,51,160,58,11,87,39.7,50
10310404,female,23,169,68,25,114,40.9,170
10311591,female,77,176,76,9,85,39.3,41
10313125,female,23,160,55,28,113,41,192
10313893,female,67,155,56,6,82,38.7,26
10315338,male,42,177,87,29,114,41.1,230
10315558,male,31,186,85,28,106,40.8,172
10315717,female,67,155,56,4,74,39,14
10315802,female,38,177,74,25,108,40.9,158
10316019,female,37,177,69,14,97,39.9,73
10316230,male,72,195,103,6,93,39.6,39
10316321,female,27,156,55,18,94,40.4,88
10317863,female,58,164,63,19,97,40.3,107
10318274,female,66,156,61,5,81,38.9,21
10319374,male,24,194,94,17,106,40.3,102
10319457,male,25,193,88,19,96,40.7,84
10320110,male,59,168,80,6,89,39.2,29
10320322,female,25,174,74,9,85,39.6,33
10322549,female,58,161,65,27,106,40.6,178
10323031,male,35,172,78,12,89,39.9,43
10323122,female,42,158,60,24,99,40.7,135
10323475,male,44,177,77,13,95,40.2,64
10324121,female,52,148,55,22,105,40.5,143
10324436,male,46,197,99,5,85,38.6,20
10324890,male,69,171,80,21,103,40.3,156
10324929,male,68,196,105,24,96,40.9,164
10326111,male,35,172,75,22,98,40.9,108
10326650,male,43,184,89,4,91,38.7,18
10327320,male,61,194,92,24,99,40.5,160
10327365,male,79,179,85,8,89,39.6,47
10327988,male,38,195,95,9,99,39.8,51
10328460,female,40,159,65,8,78,39.6,26
10328467,male,30,194,101,8,83,39.4,24
10328565,male,54,181,85,9,85,39.7,37
10329719,male,34,185,94,14,90,40.3,57
10330130,female,44,157,61,6,85,39.2,25
10330293,male,66,178,82,21,98,40.5,138
10330872,female,61,179,76,21,99,40.3,121
10331021,male,21,205,103,7,88,39.6,23
10331369,male,44,210,106,19,90,40.2,91
10332883,female,59,153,55,2,85,38,9
10333845,male,70,172,77,6,86,39.5,29
10334352,male,35,179,83,16,93,40.3,69
10334813,male,41,176,70,17,100,40.5,92
10334826,male,35,170,76,11,95,39.8,49
10335063,male,64,188,95,17,95,40.3,107
10335270,male,51,185,95,18,102,40.3,121
10336316,female,23,172,62,23,103,40.8,131
10336550,male,50,193,92,13,93,39.7,68
10338403,male,40,189,92,26,116,40.9,214
10338906,female,58,158,57,12,89,40,59
10339282,male,26,179,71,16,97,40.3,68
10340956,female,33,158,59,20,96,40.5,103
10341295,male,35,181,82,11,85,39.8,34
10341991,male,46,181,82,24,104,41,156
10343017,male,51,171,79,27,107,40.9,193
10344005,female,27,171,63,17,93,40.2,80
10344110,male,62,172,81,14,88,40.5,68
10344316,male,45,196,102,27,110,41,210
10345279,female,56,162,56,19,97,40.5,109
10346831,male,40,185,90,17,94,40.5,83
10347816,female,47,164,68,10,90,39.8,46
10348443,male,73,213,121,27,112,40.9,266
10348595,female,36,184,73,23,107,40.8,142
10349054,male,53,193,90,9,90,39.6,44
10350432,male,26,194,101,17,83,40.5,47
10350524,female,56,163,65,21,108,40.8,142
10351280,male,36,187,89,16,90,40.4,65
10351855,male,28,186,95,18,98,40,90
10351962,male,63,191,93,18,93,40.3,106
10352361,male,64,178,82,25,111,40.8,211
10352816,female,32,173,68,4,84,39.2,15
10353488,female,37,165,61,12,98,40.1,65
10354557,male,44,175,78,15,100,40.5,86
10354587,female,40,171,72,13,100,40,72
10354823,female,20,160,59,29,112,40.5,193
10356022,female,63,155,57,27,116,40.8,212
10356517,female,62,202,97,15,98,40.3,80
10357687,male,46,178,79,28,102,40.7,172
10357903,female,21,163,62,29,116,40.7,204
10359693,female,22,160,60,19,105,40.4,112
10361640,male,32,193,96,21,111,40.8,151
10363700,male,66,188,98,26,114,40.7,242
10364778,male,76,179,79,19,105,40.5,153
10365097,female,34,162,62,5,87,39.4,21
10365426,female,23,172,65,26,108,40.6,161
10366046,male,59,166,73,23,101,40.4,149
10366733,male,50,170,77,17,101,40.4,104
10367140,male,37,187,87,29,113,40.8,218
10369238,male,53,196,102,2,89,38.2,10
10369905,male,20,189,88,18,103,40.4,94
10370270,female,32,171,70,23,104,40.7,134
10370812,male,45,191,99,14,96,40,79
10371202,female,52,156,54,28,114,40.7,210
10371729,male,47,167,69,9,101,39.8,52
10372349,male,58,193,95,20,99,40.3,132
10372852,female,61,172,68,16,92,40.2,82
10374133,female,32,154,56,6,81,39.3,21
10374360,male,73,199,97,22,107,40.9,189
10377282,male,51,190,94,21,105,40.4,150
10378550,male,61,169,72,29,110,41,230
10379147,female,73,177,78,28,117,40.6,220
10380854,female,59,174,71,16,99,40.6,92
10380992,male,22,197,94,25,108,40.6,155
10381933,male,52,180,77,20,108,40.2,146
10382399,female,30,157,60,3,87,38.7,12
10383107,male,64,199,104,6,88,39.6,33
10383301,male,26,171,71,16,90,40.6,51
10383335,male,44,171,75,13,94,39.9,62
10384105,female,25,160,60,19,100,40.1,103
10384770,female,37,194,81,7,81,39.4,23
10385019,male,22,190,94,15,91,40.2,55
10386905,male,26,187,85,25,107,40.5,151
10387101,female,43,166,69,15,96,40,78
10387410,male,31,187,88,18,95,40.2,82
10387414,female,60,159,58,22,107,40.5,150
10387714,female,32,163,66,19,101,40.7,106
10387801,male,63,196,101,9,95,39.5,57
10388146,female,30,152,60,11,98,39.7,58
10388266,female,65,150,54,11,87,40,53
10389715,male,25,189,88,4,90,39.1,14
10391137,male,27,190,85,5,86,39.3,15
10391526,female,58,164,59,27,99,40.8,160
10392877,female,24,173,71,30,110,40.8,190
10394686,male,33,182,88,23,100,40.6,124
10394832,female,28,164,61,14,107,39.9,87
10396760,male,25,185,85,18,102,40.3,95
10399233,female,24,161,55,6,84,39.2,23
10399838,male,31,183,83,15,91,40,58
10400272,female,50,167,62,9,85,39.6,38
10400394,female,35,147,47,15,90,40.3,71
10403248,male,33,191,97,14,94,40.1,66
10404148,female,67,172,72,8,89,39.3,39
10405142,male,29,178,79,1,82,37.4,2
10406685,male,64,186,89,24,110,40.9,202
10406833,male,30,183,87,20,91,40.4,78
10407006,female,35,157,61,11,84,39.8,43
10407316,female,26,144,52,11,96,39.8,56
10408742,male,62,177,82,29,107,40.9,224
10409323,male,70,189,94,23,107,40.5,193
10410146,female,20,162,59,18,95,40.6,87
10410232,female,39,152,50,15,91,40.1,73
10410621,male,20,193,94,17,99,40.1,81
10411003,male,46,169,69,23,106,40.5,150
10411336,female,24,145,48,18,91,40.5,83
10411621,male,73,176,81,22,102,40.8,165
10413805,male,25,184,82,10,88,39.9,31
10413865,female,23,163,62,20,103,40.3,114
10414602,male,44,175,80,28,102,40.8,170
10414683,female,56,157,61,24,106,40.6,159
10416209,female,35,170,70,22,104,40.7,130
10416988,female,60,166,67,8,80,39.5,31
10417026,male,74,176,79,9,101,39.4,66
10418077,female,69,147,51,20,96,40.1,118
10418794,male,40,179,86,10,97,39.9,52
10420513,male,21,191,95,25,110,40.8,162
10420609,male,25,197,99,12,92,39.8,49
10420638,male,61,188,86,25,107,40.4,194
10421422,female,52,161,64,16,86,40.3,70
10422376,female,35,148,50,28,103,40.7,170
10422958,male,58,183,89,27,108,40.8,212
10423820,male,56,189,100,5,84,39.2,22
10424043,male,79,196,103,6,92,39.3,40
10424923,male,40,185,87,25,102,40.7,150
10425714,male,37,179,79,23,101,40.6,128
10426349,female,29,147,48,17,98,40.6,93
10426862,female,24,169,59,21,109,40.6,134
10426947,female,32,157,52,20,100,40.3,113
10427860,female,41,161,56,11,98,39.8,61
10428208,female,48,175,70,14,99,40.1,78
10429031,female,63,172,69,24,101,40.7,146
10429108,female,66,173,75,25,98,40.5,143
10429524,female,32,153,55,8,89,39.5,36
10429528,male,55,183,83,24,106,40.7,174
10429599,female,53,167,64,8,89,39.9,38
10430500,female,50,159,59,4,86,38.8,18
10430716,male,73,182,83,2,85,38.4,10
10431534,male,78,182,87,1,79,37.5,4
10431709,male,37,197,100,5,87,39.1,19
10433921,male,52,189,93,24,111,40.7,194
10434174,female,58,181,78,5,87,39.2,22
10437871,female,27,146,51,24,107,40.8,152
10437907,female,58,159,61,25,111,41.1,179
10438302,female,57,171,74,11,78,39.6,38
10438322,male,79,173,76,27,110,40.8,239
10439176,female,32,182,77,4,81,38.8,13
10439479,female,27,154,54,19,101,40.6,107
10439736,male,42,174,74,3,82,38.3,8
10439964,female,70,154,57,24,108,40.5,171
10440546,female,25,158,58,29,107,40.9,180
10440656,male,58,212,111,20,95,40.3,127
10440812,male,66,166,66,16,96,40.7,95
10440868,male,22,185,83,11,86,40,29
10441175,male,23,197,97,30,106,41.1,181
10441273,male,45,191,91,14,94,39.9,72
10442557,female,22,180,74,2,81,37.9,6
10442629,female,57,158,61,26,104,40.8,167
10442926,male,79,194,103,21,96,40.9,154
10443956,female,62,153,57,21,105,40.3,140
10443985,male,54,172,71,21,107,40.9,149
10444346,male,78,187,88,22,98,40.8,160
10444600,female,22,155,51,29,111,40.8,194
10444932,female,23,162,62,28,107,40.4,171
10445424,female,50,151,51,2,79,38.4,8
10445536,male,67,183,91,15,93,40.5,91
10445981,male,32,175,79,8,98,39.9,39
10446758,male,43,186,84,15,80,40.1,42
10448214,male,60,173,79,1,91,37.9,5
10450010,female,33,169,70,24,98,40.7,125
10451413,male,51,203,104,6,79,39.3,21
10451792,male,43,185,85,19,94,40.3,93
10452954,female,25,171,66,13,98,39.8,67
10454071,female,36,175,70,5,92,39,23
10454713,female,27,164,63,22,102,40.9,124
10454943,male,21,167,65,21,102,40.5,97
10455691,female,31,168,64,24,105,40.7,144
10457352,male,76,211,116,25,110,40.8,240
10458300,male,43,209,114,15,96,40.4,88
10458722,male,45,193,93,2,87,38.4,8
10458725,male,67,189,97,22,103,40.7,169
10458941,female,32,176,71,20,94,40.6,95
10459338,male,42,181,81,6,83,39.5,19
10460203,male,22,186,82,14,94,40.1,54
10461308,male,47,188,95,6,81,39.4,20
10463486,male,23,194,97,15,101,40,79
10465340,female,66,179,72,23,115,40.3,175
10466078,male,27,182,81,18,105,40.5,103
10466099,male,44,192,91,4,90,39.1,18
10466957,male,26,183,76,16,102,40.4,82
10467074,male,65,199,99,26,107,40.8,214
10469759,female,20,162,57,12,95,39.8,58
10469881,male,55,199,101,,96,40.3,98
10470649,female,28,157,57,25,110,41,165
10472010,male,70,177,79,24,110,40.7,204
10473042,female,79,157,60,17,98,40.7,105
10473293,male,20,191,88,29,113,40.8,195
10473927,male,32,194,94,13,97,39.9,65
10477080,female,44,168,66,25,110,40.7,169
10478045,female,22,157,55,7,88,39.6,29
10478823,male,52,193,99,12,91,39.8,62
10479179,female,29,154,55,5,85,38.8,20
10480604,female,41,148,53,29,111,40.9,203
10480790,male,52,173,83,18,95,40.5,98
10480955,female,31,171,69,14,93,40.3,65
10481882,female,31,165,60,25,115,40.8,179
10483083,male,50,191,89,22,90,40.3,104
10483147,male,42,180,84,2,80,38.6,5
10483181,female,25,162,60,4,84,38.9,15
10483224,male,79,189,94,23,100,40.6,178
10483502,male,29,187,87,28,108,40.9,179
10483979,female,37,166,67,15,97,40.2,78
10484454,female,21,164,59,24,111,40.6,157
10484869,male,21,178,79,15,98,40,65
10485314,female,30,160,59,19,98,40.6,101
10485333,male,39,188,92,10,101,39.8,59
10485469,male,22,165,67,27,119,40.4,197
10486356,male,60,183,88,11,87,39.5,52
10486892,male,33,180,85,14,94,39.8,62
10487244,female,20,158,52,29,110,41.1,189
10487596,female,21,164,61,30,112,40.6,199
10487865,male,35,176,83,16,102,40.2,91
10488128,male,39,194,93,18,89,40.3,75
10488201,female,37,176,73,3,82,38.8,11
10488774,female,67,173,73,1,88,38,5
10489424,female,56,152,54,14,94,39.9,76
10490363,female,36,180,75,19,98,40.6,99
10491902,male,26,194,92,22,104,40.6,127
10492184,female,55,173,67,27,109,40.9,184
10492516,male,36,195,96,9,97,39.9,47
10492919,female,38,177,71,29,107,41,181
10493663,male,57,176,76,23,101,40.9,148
10493760,female,48,154,60,18,104,40.6,113
10494078,female,67,186,76,27,,40.6,181
10494169,male,20,186,86,16,90,40.3,52
10494313,female,22,188,81,16,97,40.3,76
10494661,male,27,196,98,17,96,40.4,80
10495621,male,46,184,84,3,80,38.7,9
10496798,male,47,193,99,17,92,40.4,87
10496969,female,38,176,73,8,83,39.7,29
10497000,female,59,171,71,26,99,40.8,150
10497479,female,31,168,59,28,102,40.7,161
10498347,male,58,195,93,18,89,40.3,91
10500280,male,33,180,82,21,101,40.7,114
10500591,male,65,172,80,14,96,39.9,86
10502259,male,22,173,79,29,115,40.7,201
10502266,male,27,185,82,12,95,40,51
10503067,female,54,167,71,9,96,39.4,48
10503080,female,71,155,60,16,91,40.3,85
10503799,female,29,180,76,12,97,39.9,60
10504495,male,21,197,98,18,102,39.8,96
10504997,male,37,188,92,13,93,40.1,60
10505038,male,71,186,91,16,95,40.1,105
10505499,male,55,181,84,9,89,39.7,42
10508035,male,30,194,88,4,80,38.7,9
10508905,female,43,151,50,2,72,37.9,6
10509477,male,65,177,78,30,112,40.6,256
10509588,male,31,192,92,4,93,39.1,17
10510204,female,26,158,56,22,97,40.4,114
10510710,female,79,144,51,24,100,40.7,156
10512468,male,71,191,91,12,87,39.8,64
10512741,female,28,176,75,18,98,40.3,91
10512864,female,20,175,72,13,85,40,46
10515327,male,24,202,94,22,95,40.5,96
10515522,female,28,178,71,20,97,40.2,100
10515749,female,56,169,65,26,100,40.9,154
10516429,male,39,188,89,25,108,40.5,173
10517946,male,23,164,64,22,99,40.9,94
10518154,male,32,202,108,18,97,40.3,96
10518304,female,21,164,62,27,106,40.6,161
10518667,female,37,172,68,25,109,40.5,162
10519459,female,32,163,65,6,80,39.5,20
10519770,male,70,174,78,22,100,40.6,153
10519886,female,34,173,73,27,103,40.8,155
10519895,male,30,179,74,13,94,39.8,53
10520370,female,22,155,54,19,103,40.3,110
10522293,female,27,142,48,14,94,40.6,70
10522660,male,20,185,82,6,81,39,11
10523769,female,34,166,63,20,99,40.5,109
10525838,female,74,162,58,28,113,41,216
10526471,male,35,191,93,25,98,40.7,133
10526831,female,29,169,69,24,104,40.4,139
10526924,female,57,159,61,24,99,40.6,141
10527969,female,23,179,70,25,111,40.8,161
10528059,female,34,165,61,3,89,38.1,13
10529633,female,58,164,62,12,93,39.7,63
10529727,female,21,177,73,17,96,40.4,81
10530197,male,27,189,93,16,95,40.3,71
10530251,male,48,184,83,19,92,40.7,91
10530300,male,57,175,76,28,109,40.6,214
10530887,female,28,154,55,12,95,40.2,60
10531071,male,42,189,93,22,105,40.6,147
10531287,female,68,171,67,3,85,38.5,13
10531383,male,26,196,96,3,84,38.5,8
10531396,male,27,187,88,14,98,40.2,67
10532715,female,57,160,61,25,104,40.7,160
10534221,male,65,177,77,9,92,39.6,50
10537052,female,35,148,53,5,84,39.2,20
10537922,male,61,181,87,29,103,41,208
10539965,male,23,186,88,4,84,38.7,10
10539993,female,74,161,59,7,89,39.3,36
10540049,male,39,190,93,28,106,40.7,188
10540926,male,31,189,94,16,90,40.4,63
10543650,female,55,164,63,6,84,39.3,25
10546670,male,58,175,77,14,92,40.2,72
10546738,female,63,171,74,16,101,40.1,96
10546857,male,25,179,81,19,104,40,104
10548379,male,78,179,80,21,100,40.5,155
10548895,male,48,173,74,15,90,40.2,65
10549089,male,59,201,100,20,102,40.4,144
10549288,male,39,185,85,2,90,38.3,8
10549819,female,30,161,54,5,80,39.2,17
10551051,female,61,194,93,28,109,40.7,184
10552351,male,55,196,92,24,111,40.7,197
10553432,male,54,190,94,8,86,39.8,35
10554747,male,64,195,99,13,87,40.3,67
10555485,male,66,185,97,9,88,39.7,48
10556321,male,39,167,69,8,79,39.8,17
10556798,male,22,179,77,20,100,40.2,93
10556827,female,56,164,68,10,96,39.8,54
10557003,female,50,175,74,11,88,40,48
10557144,female,39,161,61,1,82,37.7,4
10558049,male,24,192,93,21,99,40.9,103
10558201,male,51,195,99,29,102,40.6,197
10559589,male,58,181,85,5,84,39,21
10559626,female,38,176,67,3,87,39,13
10561596,female,79,160,63,8,100,39.6,51
10561782,male,57,175,82,22,112,40.2,181
10561982,female,24,144,47,24,105,40.6,147
10562379,male,29,188,86,4,85,39.1,12
10562381,male,20,189,85,7,87,39.6,19
10562393,female,54,157,51,2,74,38.1,7
10564056,female,51,169,63,3,80,38.6,11
10564235,female,41,154,52,30,117,40.9,229
10564614,male,74,195,99,7,86,39.8,39
10565624,female,21,168,65,25,109,40.3,156
10566369,male,20,187,86,23,100,40.3,109
10567102,male,31,188,85,18,93,40.5,75
10567295,male,32,188,94,19,95,40.6,90
10567350,male,39,191,86,23,97,40.6,119
10567476,female,38,157,60,28,109,40.7,185
10568045,female,26,148,45,6,91,38.9,28
10568406,female,67,153,54,13,90,39.9,67
10568966,male,75,197,103,6,91,39.1,38
10569174,female,72,162,66,14,97,40.1,82
10569730,male,26,178,78,28,103,41,148
10570131,male,63,193,99,7,87,39.7,36
10570155,male,28,198,98,26,113,40.6,191
10572763,female,48,164,62,20,95,40.5,106
10574325,female,29,179,69,14,92,40.4,63
10574846,male,32,174,70,3,92,38.7,11
10575242,male,32,175,74,26,93,40.7,104
10575724,female,28,143,52,6,83,39.2,23
10577200,female,22,165,63,4,88,39,16
10577572,male,35,171,78,8,86,39.7,25
10578108,female,73,166,64,26,106,40.6,179
10578158,female,34,163,61,13,96,40.1,67
10578169,male,37,191,90,12,98,39.7,64
10578173,male,22,188,92,11,96,39.6,48
10578948,male,26,173,76,21,102,40.2,107
10580116,female,47,162,64,18,94,40.7,92
10580206,female,23,155,55,5,90,39.2,22
10580576,male,53,191,101,21,106,40.7,159
10581265,male,22,188,89,7,80,39.2,13
10581301,female,46,171,68,15,86,40.3,63
10582652,male,45,189,93,2,70,38.1,3
10582928,male,50,207,111,28,115,40.6,251
10583671,female,37,170,71,26,105,40.9,157
10583829,female,31,177,72,10,93,39.4,46
10584576,female,25,181,78,15,96,39.9,71
10585394,female,21,157,57,2,77,37.8,6
10586822,male,45,197,107,4,80,39.2,13
10587535,male,31,190,87,19,94,40.4,83
10587584,male,27,206,106,13,89,40.1,50
10587939,female,41,153,56,12,92,40.2,59
10588830,female,56,166,61,20,94,40.7,106
10589768,female,22,177,71,15,98,40.4,75
10589945,female,25,184,82,20,93,40.8,88
10590077,female,22,170,64,30,115,41.2,208
10590269,female,69,163,68,16,95,40.3,89
10590331,male,75,170,74,24,107,40.3,196
10590643,female,46,151,57,11,97,39.9,61
10590765,male,63,200,105,15,102,40.3,113
10591462,female,29,156,50,28,113,40.9,197
10592314,female,39,171,65,3,81,38.6,11
10592395,female,58,168,67,5,82,39.2,20
10593248,male,55,189,88,8,81,39.1,29
10594270,female,26,145,46,28,105,40.9,173
10596134,female,42,153,58,3,78,38.6,10
10596182,female,26,176,73,24,104,40.5,137
10596330,female,25,172,71,15,103,40.1,84
10597620,male,55,193,100,21,100,40.6,141
10597755,female,41,175,78,28,101,40.7,156
10598444,female,34,178,72,23,104,40.9,135
10598982,female,24,163,59,8,90,39.6,35
10599351,male,23,182,83,20,104,40.2,108
10599580,male,74,177,80,14,93,39.9,86
10600476,female,43,176,75,7,87,39.8,29
10601792,male,24,192,86,27,106,40.5,157
10602108,male,28,194,86,18,93,40.3,73
10602562,male,67,190,87,10,90,39.9,55
10603743,female,36,166,67,10,94,40,49
10604757,female,52,161,60,30,109,40.8,206
10604920,female,39,159,62,25,111,40.8,171
10606035,male,33,171,73,26,108,40.9,163
10606273,female,50,171,70,2,81,37.9,7
10608177,female,49,174,75,7,93,39.2,34
10608340,female,49,173,70,4,94,39.1,20
10610016,male,31,190,90,23,112,40.6,165
10610828,male,69,203,111,2,83,38.5,10
10611827,male,30,187,91,18,96,40.1,85
10612174,female,78,174,71,6,86,39.2,28
10613350,female,63,158,61,3,87,38.5,14
10613630,male,33,189,94,11,83,39.8,33
10613944,female,43,160,64,19,103,40.6,114
10613982,female,39,164,61,17,95,40.4,87
10614397,female,28,161,60,20,109,40.9,129
10615164,male,73,187,84,3,81,38.5,13
10617898,male,20,178,81,20,98,40.5,86
10618260,male,31,176,72,4,86,39.1,11
10618273,female,75,168,65,21,104,40.3,140
10618567,female,63,168,65,19,96,40.3,107
10618799,male,59,192,92,13,95,40.1,78
10619429,female,30,167,64,11,89,39.9,47
10619608,male,61,178,86,12,92,39.9,66
10620142,female,64,155,53,12,100,40.1,75
10620384,female,29,162,65,11,99,39.9,59
10621456,female,58,175,71,11,100,39.8,65
10621672,male,30,198,103,19,100,40.1,106
10622381,female,63,176,79,29,111,40.5,204
10622573,male,60,172,76,14,102,40.2,94
10623255,female,51,159,57,13,93,39.9,67
10623679,male,24,187,91,6,84,39,16
10624312,female,23,165,66,13,95,40.1,62
10624444,female,52,179,80,8,82,39.8,30
10625195,female,21,154,55,7,93,39.5,33
10625848,male,63,174,76,25,112,40.7,210
10625854,female,56,155,57,5,84,39.3,22
10626203,female,54,165,66,12,86,40.1,52
10628326,male,78,191,91,24,98,40.6,176
10628644,male,78,187,95,26,110,40.7,240
10628674,male,38,190,91,26,113,40.8,199
10629705,male,36,183,85,11,98,40,57
10630310,male,59,186,87,1,78,37.7,3
10630863,male,35,172,72,10,99,39.8,50
10631102,male,36,168,77,14,104,40.2,83
10633705,male,46,188,91,19,104,40.3,127
10634395,female,27,161,57,9,88,39.8,38
10634915,female,76,148,52,18,91,40.1,99
10636184,male,21,182,81,24,112,40.6,156
10636862,male,54,181,80,21,100,40.5,131
10636936,female,22,167,67,21,95,40.1,100
10637238,female,45,165,64,30,104,40.5,185
10637622,female,57,154,,19,88,40.5,90
10638410,female,46,180,75,12,93,40.1,58
10640862,male,24,179,78,27,108,41.1,161
10641564,female,26,158,54,22,93,40.7,105
10641592,male,21,180,77,12,90,39.9,37
10641963,female,25,151,53,21,92,40.6,98
10642658,male,24,176,80,27,105,40.6,150
10642760,male,67,178,86,5,86,39.1,24
10643480,female,31,168,67,13,95,40,64
10645058,male,46,170,77,5,88,39.2,20
10646136,female,72,181,76,29,112,40.8,212
10647318,female,62,147,54,7,80,39.5,28
10647581,female,59,132,40,10,92,39.9,55
10649018,female,40,171,72,23,102,40.9,132
10649347,female,72,189,86,24,95,40.8,129
10650349,female,36,181,76,6,83,38.8,22
10650922,female,58,174,69,28,117,40.8,216
10651229,female,42,174,67,10,94,39.6,50
10651356,male,64,192,96,23,99,40.2,159
10651496,male,51,190,87,20,96,40.9,113
10652326,male,33,191,92,26,103,40.8,154
10653701,female,22,153,50,29,110,41.1,191
10654238,male,50,172,73,13,98,40.1,73
10654497,female,79,189,84,18,105,40.4,119
10654578,male,22,185,83,12,85,40.1,30
10654675,female,62,178,73,8,84,39.6,34
10654757,male,75,190,98,26,103,40.9,210
10655273,male,32,176,82,9,86,39.5,28
10655307,male,26,168,70,19,112,40.6,123
10655510,male,22,176,73,3,84,39.1,6
10656591,female,30,173,62,5,87,39.5,21
10657001,female,32,155,56,27,107,40.4,172
10657059,female,27,165,62,22,93,40.3,103
10657480,male,24,189,89,16,98,40.1,75
10657671,female,57,157,56,15,100,40.3,91
10658315,male,55,178,79,4,97,38.7,23
10659471,male,55,181,87,15,89,40.3,72
10659898,female,69,189,85,3,82,38.5,12
10660238,female,27,196,96,11,93,40,46
10660887,female,32,160,56,11,97,40.2,58
10661999,male,52,189,90,22,96,40.5,127
10662184,male,44,171,80,26,112,40.8,197
10662599,female,60,166,66,22,111,40.6,157
10663328,male,21,190,94,16,103,40.4,86
10664035,male,26,176,81,12,90,39.7,41
10666751,male,75,171,75,2,81,38.4,9
10667005,male,31,185,87,9,94,39.4,39
10667196,female,26,171,65,23,96,40.6,114
10670189,male,38,185,85,29,110,40.8,205
10671134,male,33,159,64,11,90,39.8,37
10673851,female,41,155,59,7,87,39.1,30
10675056,female,59,149,50,1,70,37.5,3
10677750,male,75,187,97,7,84,39.1,36
10678203,female,25,163,66,4,88,39,16
10678861,male,40,174,72,6,80,39.5,14
10678968,male,35,175,77,12,90,40.1,45
10679148,male,47,183,91,20,94,40.5,105
10679437,female,21,156,56,1,86,37.4,4
10679568,female,26,167,61,16,101,39.9,89
10679574,male,39,178,80,25,105,40.7,157
10679668,female,21,159,51,9,84,39.9,34
10680542,male,71,198,103,22,111,41,203
10680585,female,48,181,74,26,102,40.9,152
10681639,male,66,174,81,14,87,40.2,68
10682662,female,52,168,68,18,95,40.6,95
10683113,male,35,179,81,11,94,40,49
10683484,female,24,175,75,20,101,40.9,106
10683711,male,32,186,91,21,108,40.5,139
10684828,male,70,189,96,24,113,40.9,224
10684961,male,26,184,86,8,96,39.4,35
10685242,female,24,175,74,17,88,40.5,67
10687000,female,54,159,54,24,107,40.6,163
10687967,female,38,164,67,6,77,39.4,19
10689922,female,29,169,64,12,92,39.6,55
10690925,male,20,196,92,10,88,39.8,31
10691755,male,21,181,76,17,100,39.9,78
10692173,female,44,143,49,17,92,40.2,86
10692785,male,28,161,66,17,92,40.4,59
10693772,female,61,170,68,3,82,38.8,12
10693778,male,32,179,82,6,86,39.7,19
10694934,female,67,169,71,22,102,40.8,137
10695412,male,38,179,88,11,90,39.8,45
10696486,male,34,181,78,8,86,39.6,25
10696688,male,27,175,80,27,101,40.9,137
10697428,male,71,186,92,7,85,39.5,35
10697452,female,50,172,66,9,92,39.6,44
10698004,female,44,166,64,25,101,40.8,145
10698262,male,23,179,82,15,91,40.2,51
10698661,male,25,191,95,28,105,40.8,166
10698844,male,55,181,87,1,75,37.8,3
10699201,female,74,158,59,10,93,39.6,56
10699781,male,31,191,98,4,85,38.7,13
10700293,female,27,174,77,30,112,40.9,195
10701498,female,46,161,65,7,85,39.7,29
10703018,female,40,162,64,6,88,39,26
10705266,male,56,158,64,27,109,40.6,198
10706378,female,75,178,76,6,90,39.2,30
10706479,male,73,169,78,26,102,40.9,193
10706514,male,34,194,96,25,111,41.2,182
10708209,female,62,181,80,22,108,40.8,147
10708946,female,68,179,79,30,105,40.8,194
10709301,female,29,182,76,8,83,39.7,28
10709573,male,46,176,75,16,91,40.5,70
10710082,male,59,190,93,22,93,40.7,126
10710546,male,26,191,86,8,83,39.3,20
10710630,female,35,169,69,23,96,40.7,116
10711577,male,76,174,74,6,79,39.2,24
10711680,female,42,160,61,8,92,39.5,39
10711686,male,28,197,98,28,108,40.3,184
10712052,male,56,192,101,18,96,40.3,111
10712159,male,40,191,91,29,108,41,203
10712255,male,45,194,103,14,85,39.9,57
10712930,male,41,190,90,4,77,39.1,9
10713082,male,29,168,73,14,93,40.3,54
10713494,male,54,185,87,26,108,41,198
10714333,male,29,181,77,13,97,40.1,59
10715394,male,62,175,72,23,99,40.7,145
10715737,female,40,172,71,20,101,40.7,113
10716199,female,24,186,76,9,92,39.7,39
10717701,female,44,173,66,25,88,40.6,110
10717705,female,23,158,56,9,91,39.9,40
10717758,male,74,188,93,5,85,39.2,26
10719211,female,67,172,73,4,85,38.6,18
10719389,male,47,182,84,18,96,40.4,97
10719858,male,66,198,96,22,108,40.6,184
10721146,male,42,193,92,2,87,38,8
10722301,male,25,173,72,22,93,40.5,80
10722362,female,21,153,54,8,94,39.8,38
10723302,male,22,190,94,2,82,37.9,5
10723598,female,51,173,74,24,101,40.3,139
10723842,male,41,182,81,24,92,40.9,106
10724401,male,42,208,108,9,86,39.5,37
10725494,female,36,171,70,7,91,39.3,32
10727386,female,23,183,74,4,88,38.8,16
10728499,female,31,167,66,28,113,40.7,192
10730556,female,23,153,51,9,101,,51
10732007,male,69,188,95,11,92,39.9,67
10732268,female,58,159,57,21,101,40.5,129
10732583,female,67,169,66,28,108,40.5,195
10733230,male,26,194,93,6,78,39.4,11
10735054,female,22,152,54,1,78,37.5,3
10735159,female,46,160,61,25,101,40.6,147
10735403,female,53,152,53,25,109,41,175
10735479,male,36,190,96,17,90,40.3,72
10735509,male,30,177,79,6,91,39.2,22
10736076,female,53,139,48,29,101,40.6,180
10736495,male,68,179,85,13,91,40,74
10738453,female,65,162,62,14,86,39.8,65
10739846,female,29,183,78,13,96,40.1,63
10741750,female,41,175,72,29,109,41.3,189
10742434,female,24,159,58,3,88,38.5,12
10743743,female,63,164,63,28,102,40.9,176
10744188,male,35,178,77,28,107,40.8,177
10744276,female,37,156,53,28,108,40.7,185
10745078,male,55,189,93,14,98,40.2,88
10745344,male,27,173,71,12,97,40.4,52
10746207,female,20,175,73,25,99,40.5,126
10746319,female,23,152,52,29,114,40.9,203
10747571,female,39,158,60,12,91,39.9,57
10748485,male,34,183,82,3,84,38.6,9
10748741,male,28,196,90,17,100,40.3,88
10749016,male,21,177,77,24,104,40.6,125
10749242,male,32,192,90,13,94,40.3,58
10749351,female,60,186,87,13,95,40.1,67
10749574,female,37,163,57,23,102,40.6,136
10750470,male,36,183,80,16,95,40.5,74
10750772,female,23,173,72,18,94,40,83
10752745,male,61,196,96,2,73,38.5,6
10752958,female,37,166,65,28,107,40.8,177
10752983,female,33,163,63,22,101,40.7,124
10753178,male,29,181,78,6,91,39.3,22
10753570,male,44,166,75,3,93,38.6,14
10753818,male,64,178,83,24,103,41,174
10753894,male,34,196,103,17,96,40.4,88
10754696,female,77,158,59,2,82,38.5,9
10756407,female,45,178,72,18,100,40.3,101
10756571,female,39,156,62,29,94,41,145
10757752,male,21,187,88,12,97,39.9,52
10757805,female,64,159,59,1,82,37.5,4
10758026,male,41,176,83,6,85,39.4,21
10758248,male,47,192,94,24,105,40.4,167
10758388,male,70,197,98,19,101,40.2,143
10758422,male,48,173,75,9,93,39.6,43
10758572,female,30,148,52,7,88,39.2,30
10759861,female,35,165,62,25,108,40.9,161
10761773,female,68,165,59,15,100,40.4,93
10762716,female,49,184,77,3,79,39,10
10762847,male,59,184,86,26,101,40.8,176
10763040,female,22,174,67,6,98,39.3,30
10763235,male,28,189,87,25,110,40.5,166
10763443,male,26,194,90,5,84,39.2,13
10763495,female,47,159,60,27,104,40.8,169
10763803,female,34,175,75,18,95,40,87
10764514,male,33,175,70,26,103,40.6,142
10765096,female,28,169,72,14,87,40.7,55
10765245,male,25,182,91,8,84,39.4,21
10765476,male,74,194,97,6,94,39.2,40
10765868,female,41,154,51,5,87,39.4,22
10768653,male,20,174,69,17,98,40.4,69
10769898,male,28,181,81,16,96,40.2,71
10770216,female,41,168,66,22,101,40.5,126
10770371,female,21,174,73,3,93,38.2,13
10771859,male,34,194,91,21,98,40.3,109
10772399,male,76,188,90,30,109,40.9,266
10773244,female,29,160,54,8,101,39.7,46
10773809,male,67,186,91,20,92,40.6,118
10774204,female,62,167,67,6,87,39.6,28
10774344,female,51,141,48,12,87,39.9,56
10775847,male,21,219,126,15,97,40.4,78
10776413,female,32,179,76,29,101,41,158
10776630,male,22,197,99,18,91,40.5,68
10777558,male,42,176,79,11,99,40.1,60
10778677,female,34,167,64,11,90,39.9,49
10779413,male,64,196,95,26,103,40.3,195
10780473,female,28,165,65,10,91,39.7,45
10780511,male,32,199,94,3,84,38.5,9
10780991,female,25,174,67,11,94,39.8,52
10781141,female,21,160,56,9,86,39.9,35
10781632,male,24,196,94,23,102,40.7,124
10782423,female,24,165,70,28,118,40.8,202
10783304,female,54,159,60,19,104,40.6,121
10783420,female,58,170,68,25,111,40.9,177
10783759,female,21,181,74,18,104,40.5,101
10784322,male,75,178,76,29,120,40.8,295
10784419,male,38,181,80,18,98,40.2,93
10785168,male,22,170,68,21,103,40.4,103
10785521,male,23,170,74,16,104,40.1,84
10786710,male,71,181,84,15,99,39.9,105
10788929,female,60,163,59,28,102,40.4,176
10791124,male,62,185,84,12,93,39.9,68
10794801,female,64,166,69,15,98,40.6,87
10794997,female,76,170,71,28,116,40.4,221
10796348,female,32,162,56,10,93,39.5,49
10796536,male,65,179,89,7,88,39.4,36
10797181,female,77,165,65,12,93,40.4,66
10797742,male,78,184,87,11,94,39.6,73
10797758,female,27,180,80,28,112,40.8,181
10798827,male,36,179,77,23,110,40.7,157
10799580,male,63,187,96,3,74,38.8,9
10800093,male,54,189,89,15,99,40.2,94
10800990,female,46,174,72,11,92,39.7,53
10801214,female,27,186,82,29,109,40.7,178
10801444,male,36,193,89,9,78,39.9,20
10801469,male,23,185,88,5,90,39.5,17
10803548,male,36,175,82,22,108,40.5,146
10803909,male,24,190,92,14,92,39.9,54
10804602,male,33,183,85,18,99,40.5,93
10805897,female,78,171,74,16,95,40.4,90
10806105,male,28,197,96,4,87,38.6,13
10806295,female,30,171,67,4,82,38.8,14
10806364,male,54,194,95,24,96,40.7,143
10806545,female,21,161,57,23,95,40.8,112
10808035,female,61,159,62,4,85,38.5,18
10808502,male,27,167,67,14,91,40.1,46
10808620,female,37,167,70,29,113,40.7,200
10808673,female,74,164,66,24,107,40.6,167
10809847,male,39,162,72,28,108,40.7,183
10811092,female,69,169,67,29,111,40.7,211
10811492,male,44,186,96,15,88,40.2,64
10812157,male,60,182,79,8,82,39.6,30
10812976,female,20,158,56,21,105,40.1,125
10813173,female,44,151,56,10,91,39.8,49
10814160,male,33,181,82,26,105,40.5,157
10814313,male,54,176,72,22,112,40.7,173
10815078,female,68,169,70,28,101,41.3,173
10816060,male,77,174,77,22,108,40.9,187
10816155,male,65,169,77,2,76,38.4,6
10816626,female,26,149,50,17,95,40.2,86
10817414,male,37,185,87,13,101,39.7,74
10817893,female,26,173,68,27,107,41,164
10819698,male,39,179,79,18,97,,91
10820174,male,31,183,92,18,89,40.3,67
10821527,male,29,173,82,28,115,40.9,206
10821618,male,78,176,82,3,86,37.9,16
10821739,female,30,184,77,7,91,39.4,30
10822033,female,59,179,77,13,97,39.8,71
10823080,female,35,170,70,21,94,40.8,101
10823725,female,28,178,74,18,100,40.5,95
10823777,male,61,182,93,14,82,40.2,58
10823827,male,50,201,103,7,95,39.4,41
10824149,female,53,182,78,6,91,39.2,28
10824389,female,40,165,64,8,87,39.9,34
10824977,male,22,194,92,19,97,40.5,86
10825501,male,71,181,91,6,94,39.1,38
10825665,female,41,151,51,17,103,40.6,105
10825757,male,48,192,92,23,96,40.4,129
10826147,female,26,174,72,7,90,39.9,30
10826473,female,26,165,63,12,82,39.6,42
10827422,female,31,166,63,19,99,40.5,102
10828032,female,34,179,68,19,102,40.6,108
10830067,male,60,187,92,3,81,38.8,12
10831168,male,58,187,87,1,80,37.7,4
10831200,male,63,190,91,5,86,39.1,24
10831217,female,71,176,72,11,92,39.4,57
10831861,female,37,144,47,17,96,40,92
10832260,female,56,174,72,25,108,40.5,167
10832385,male,66,192,86,1,83,37.7,4
10833241,female,63,178,76,15,98,39.9,85
10833703,male,24,186,84,10,90,39.7,34
10833946,male,53,182,78,12,91,40,58
10834133,male,54,183,91,18,109,40.6,141
10834489,female,20,171,69,25,109,41,155
10834679,female,49,173,75,3,81,38.5,11
10836250,female,26,176,76,19,97,40.4,93
10836299,male,76,195,93,23,96,40.5,161
10836953,female,52,169,66,6,95,39.4,32
10837034,male,32,197,97,27,111,40.9,195
10837793,male,20,184,85,13,97,40.1,55
10837809,female,56,171,66,20,103,40,124
10838093,female,26,163,66,10,96,39.8,49
10838219,male,48,180,86,8,92,39.3,39
10838690,male,33,186,84,14,94,40.1,62
10838973,female,41,147,53,23,100,40.3,134
10840577,female,32,157,50,28,104,40.6,171
10840798,male,25,171,75,28,102,40.8,141
10841635,male,21,198,99,27,98,41,128
10841708,male,25,187,86,28,106,40.8,165
10842264,female,22,163,59,16,104,40.1,93
10842365,male,22,176,72,26,104,41,133
10845307,female,59,182,84,16,94,40,81
10846576,male,27,158,65,9,87,39.4,24
10846837,female,34,148,53,16,94,40.4,81
10847453,male,30,197,97,25,108,40.7,166
10847839,female,44,169,64,15,94,40.4,76
10848574,male,78,180,90,8,87,39.6,45
10849136,female,55,169,69,2,80,37.8,7
10850183,male,23,182,87,3,83,38.6,7
10850457,male,48,183,81,14,99,40.2,82
10852352,male,50,172,74,21,101,40.5,127
10853452,male,42,185,87,30,110,40.7,220
10854360,male,49,193,100,22,99,40.5,138
10854503,male,62,195,102,17,92,40,100
10854548,female,53,157,56,21,98,40.2,121
10855360,male,26,211,113,15,103,40.1,91
10855570,female,51,171,69,23,105,40.4,145
10856272,female,33,162,58,25,109,40.7,164
10856453,female,43,173,69,22,102,40.6,128
10856526,male,30,189,80,14,95,40.4,61
10857913,male,22,202,100,2,81,38,5
10858200,female,32,161,61,3,78,38.6,10
10858685,female,44,181,79,25,100,40.8,138
10858968,male,52,184,88,27,111,41.2,215
10859138,male,60,201,102,11,88,39.9,57
10860261,female,21,161,60,3,85,38.6,11
10860376,male,75,189,95,30,107,40.6,259
10860402,female,71,157,57,21,113,40.5,161
10860433,male,79,197,97,5,91,39.3,32
10861136,male,72,173,76,3,81,39,12
10861165,male,44,191,90,12,93,40,59
10863418,male,35,197,97,29,105,40.8,187
10864387,female,44,171,70,17,105,40.4,105
10864947,male,52,191,85,2,81,37.9,7
10865090,male,27,195,94,20,98,40.5,99
10865269,male,25,197,103,15,94,40.1,67
10866361,male,41,201,108,6,92,39.7,30
10866748,female,60,171,70,5,85,39.1,22
10866924,female,65,165,65,14,94,39.9,76
10867111,female,43,183,85,10,94,39.8,48
10867232,female,61,181,75,15,94,40.2,78
10869885,male,20,173,77,12,84,39.8,25
10870238,male,45,181,86,10,92,39.9,47
10870729,male,30,179,82,13,88,40,43
10871405,female,23,161,60,22,111,40.7,145
10871586,male,32,188,94,4,87,38.7,14
10872561,female,41,160,62,4,83,39,15
10872583,female,20,161,65,6,92,39.3,27
10872942,female,72,145,49,25,109,40.6,184
10873097,female,56,174,69,5,85,39.1,21
10874559,female,35,172,71,11,85,39.9,42
10875219,female,69,172,71,26,98,40.7,152
10875764,male,41,184,86,21,103,40.8,130
10876125,female,23,159,54,15,98,40.1,79
10876168,female,39,169,65,18,91,40.3,84
10876525,female,44,161,55,11,90,39.8,52
10877086,male,28,189,89,29,107,40.8,181
10877907,male,28,180,78,17,97,40.4,76
10878569,male,52,199,94,15,99,39.9,94
10880425,male,41,187,91,13,91,40.2,58
10881697,male,39,,88,16,96,40.3,81
10882980,male,33,188,93,21,105,40.2,132
10883174,female,36,166,65,17,100,40.8,94
10883261,female,39,162,60,27,109,40.9,179
10884880,male,74,170,76,29,109,41,246
10886594,male,71,185,98,14,98,40.2,100
10886709,female,41,176,75,18,101,40.5,101
10887767,male,20,177,79,4,81,38.9,7
10888188,male,61,183,86,1,81,38.3,4
10888484,female,20,170,59,6,83,39.3,21
10889200,female,31,171,70,17,90,40.5,74
10889380,female,30,164,60,18,96,40.6,92
10889897,female,57,157,60,27,110,40.7,191
10890361,female,58,173,71,2,74,38.2,6
10890442,male,37,176,83,3,88,38.6,11
10890510,male,21,195,99,26,101,40.9,136
10890600,female,60,161,59,7,82,39.5,29
10891271,female,28,166,63,20,102,40.7,113
10891281,female,53,160,60,16,97,40.3,90
10891483,female,75,171,72,17,92,40.6,90
10891870,male,21,178,83,7,91,39.3,24
10892729,male,53,181,84,16,90,40.1,76
10894310,female,22,161,62,29,99,40.8,152
10894320,female,39,175,66,15,86,40.3,61
10895081,female,61,144,47,4,79,38.7,16
10895141,male,61,192,92,24,100,40.9,164
10896246,male,78,197,103,9,89,39.7,56
10899952,female,45,167,63,6,84,39.5,24
10900051,female,68,156,55,12,94,40,67
10900196,female,39,170,64,19,103,40.5,113
10901125,male,79,200,99,13,88,39.9,79
10901446,male,33,173,73,7,78,39.3,12
10902092,male,23,181,77,15,88,40,43
10902241,female,40,149,53,27,106,41,174
10903059,female,40,166,61,26,101,40.8,151
10904484,male,24,174,78,10,82,39.7,20
10905163,male,27,186,86,12,102,40.2,64
10906317,male,45,178,74,28,105,40.9,180
10906559,male,21,193,92,20,108,40.5,122
10906561,male,51,175,81,6,83,39.3,21
10907280,female,30,141,52,24,110,40.7,161
10907293,male,34,192,99,15,97,40.1,79
10907310,female,49,158,62,10,93,39.9,51
10907643,female,36,176,74,27,102,40.8,152
10908194,female,64,153,57,26,111,40.8,191
10908428,female,25,167,62,29,97,40.8,147
10908558,female,35,154,57,19,94,40.6,95
10908938,male,45,175,73,26,104,40.8,163
10909029,female,40,169,69,23,110,40.7,153
10909587,female,21,160,57,3,91,38.7,13
10910225,male,54,195,100,9,82,39.6,36
10911378,female,45,160,55,2,83,38.2,8
10912661,male,47,191,88,5,84,39.4,18
10913237,male,59,182,84,11,97,39.9,67
10914233,female,54,171,68,6,82,39.2,23
10914555,female,48,157,52,12,85,40,52
10915031,male,27,191,90,18,107,40.6,112
10915154,male,31,183,83,26,106,40.7,159
10918259,female,36,162,57,7,80,39.9,25
10918689,male,21,165,65,9,89,39.6,24
10918735,female,23,156,55,3,84,38.2,11
10920375,male,29,178,83,28,104,40.8,160
10920399,male,38,201,102,18,104,40.2,118
10921011,female,39,160,66,5,80,39,17
10921040,male,36,179,83,23,109,40.5,156
10921184,female,23,148,52,25,108,41.1,159
10922280,male,48,173,79,21,96,40.7,112
10923379,female,27,160,60,12,92,39.9,55
10923384,female,79,163,61,7,93,39.7,39
10924321,female,62,164,57,19,100,40.5,116
10925046,male,28,177,86,26,113,40.9,184
10925383,female,22,140,45,7,86,39.1,29
10925452,female,47,162,55,21,93,40.5,108
10925816,female,58,159,62,7,79,39.8,26
10926498,male,66,178,84,24,109,40.5,198
10926638,male,24,180,81,18,93,40.4,68
10926830,male,24,187,90,19,95,40.7,81
10927426,female,24,155,50,16,98,40.2,85
10928008,female,23,158,55,16,111,40.6,106
10928223,female,21,165,65,24,106,40.7,142
10928279,female,78,168,70,26,111,40.5,193
10928428,female,55,174,74,5,85,39.1,21
10928586,male,78,201,102,8,91,39.7,52
10929122,female,34,164,69,8,85,39.1,31
10929150,male,49,202,102,20,103,40.4,139
10929478,female,44,174,72,19,102,40.3,111
10929819,female,67,151,55,23,97,40.8,136
10929883,male,31,203,110,7,84,39.4,24
10930223,male,20,174,74,28,109,40.9,163
10930839,male,50,197,101,16,99,40.3,102
10931663,female,25,167,61,17,105,40.2,101
10932302,female,38,153,53,6,87,39.5,26
10934514,male,43,214,124,17,103,40.7,121
10934563,male,61,198,108,9,92,40.1,54
10935124,male,35,193,98,10,85,39.7,35
10935309,male,35,169,68,7,86,38.9,21
10936552,female,76,185,85,12,90,40.3,59
10936862,male,71,180,79,7,93,39.2,42
10937585,male,42,159,69,5,88,39.2,18
10937927,female,59,169,65,25,112,40.6,181
10938211,male,53,172,73,3,81,38.7,10
10939512,female,79,152,60,29,107,40.8,207
10939831,female,43,161,61,5,88,39,22
10941600,male,71,184,92,7,87,39.5,38
10941668,female,64,151,56,20,97,40.4,117
10942964,male,46,172,75,18,94,40.3,87
10943278,female,36,162,61,29,112,40.5,200
10944343,female,37,179,75,4,89,38.8,17
10945237,female,22,179,70,4,81,38.8,13
10945597,male,39,182,87,11,85,39.9,37
10951752,male,35,182,83,6,92,39.4,25
10952582,male,27,204,109,17,91,40.3,72
10952795,male,64,162,67,20,104,40.2,141
10952807,male,21,175,74,28,107,41,156
10952850,female,71,164,60,18,97,40.5,107
10952894,male,27,178,80,15,96,40.2,65
10952926,male,23,192,91,27,108,40.8,167
10952928,female,51,152,56,4,86,38.5,18
10953410,female,54,167,65,1,80,37.6,4
10953676,female,32,161,57,4,91,39,19
10955840,female,60,177,81,8,85,39.7,33
10957774,female,67,157,54,5,81,39.2,21
10958146,female,21,179,74,26,106,40.8,151
10958162,female,21,169,64,9,86,39.6,34
10958351,male,24,176,82,20,107,40.2,118
10958982,male,38,179,79,6,91,39.3,25
10959171,female,31,160,62,13,92,40.1,61
10959492,male,43,190,92,15,97,40.3,83
10960666,female,56,183,80,20,102,40.8,118
10960879,male,51,184,92,3,80,38.5,10
10963785,male,34,184,83,28,,40.7,213
10964398,female,60,157,61,12,93,40.1,63
10965339,male,48,199,101,11,95,40,62
10965909,female,28,175,70,11,97,39.9,55
10966499,female,64,167,64,17,101,40.1,105
10967054,female,37,147,54,13,105,40.2,81
10967150,female,21,168,65,28,112,41,184
10968504,male,23,183,82,20,105,40.7,111
10968618,female,52,160,57,25,105,40.7,162
10968865,female,24,170,66,9,89,39.8,37
10969295,male,25,182,77,20,102,40.2,102
10969709,male,37,172,72,14,97,40.3,67
10971463,male,28,169,69,22,111,40.8,141
10971660,female,25,167,65,6,89,39.2,25
10971872,female,46,181,75,11,88,39.7,47
10973162,female,36,170,65,9,94,39.5,44
10976044,male,38,169,78,6,97,39.5,30
10976200,male,34,177,75,23,101,40.8,122
10977247,male,26,163,69,16,105,40.4,87
10977360,female,20,168,67,5,82,39.4,17
10978692,female,43,143,50,5,80,39.1,19
10979333,female,21,173,66,7,88,39.2,28
10979395,male,61,191,96,26,107,41.2,207
10980041,female,64,162,70,13,95,40.4,71
10980254,male,72,181,88,27,111,40.9,241
10980657,male,57,182,84,11,98,39.9,68
10980991,male,40,178,75,2,81,38.1,5
10983503,male,45,192,97,21,103,40.7,139
10984640,male,46,176,83,16,98,39.9,90
10984938,male,47,182,92,27,106,41,191
10985266,female,25,161,63,22,101,40.6,121
10985377,female,29,160,58,6,80,39.5,20
10986379,male,48,183,81,21,94,40.6,106
10986664,female,60,172,65,28,103,40.6,176
10987174,female,33,174,72,20,98,40.6,104
10988521,female,39,165,59,28,114,40.9,201
10990518,female,56,158,58,24,104,40.2,154
10993516,male,20,166,68,8,83,39.9,14
10994021,male,27,192,90,11,95,39.9,48
10994307,male,33,186,82,5,86,38.9,16
10994334,female,23,174,69,2,83,38,7
10996215,male,49,179,86,18,100,40.6,110
10997252,male,53,175,81,5,89,39.2,23
10998314,female,26,167,67,7,84,39.6,25
10999566,male,71,174,79,,98,40.4,128
10999617,male,32,197,104,8,89,40,32
11000028,male,48,210,114,20,102,40.4,140
11000726,female,40,166,63,15,109,40.2,99
11001051,female,20,172,71,5,73,39.1,12
11001116,female,27,181,75,10,89,39.6,41
11001220,female,25,162,59,3,90,38.6,13
11003573,male,61,179,80,11,89,40.2,54
11004182,female,24,169,65,13,93,39.9,60
11004522,male,43,183,82,21,98,40.7,115
11005219,female,28,166,63,22,114,40,153
11005832,male,32,196,96,27,105,40.7,170
11006555,male,60,184,93,9,91,39.7,49
